country,iso3_code,temperature_change_c,precipitation_change_mm,sea_level_change_mm
Eritrea,ERI,2.5299999999999976,-8.769999999999982,78.42999999999999
Rwanda,RWA,2.1499999999999986,276.1400000000001,81.07000000000001
Norfolk Island,NFK,2.09,27.74000000000001,74.58999999999999
Anguilla,AIA,1.9600000000000009,157.49,80.35000000000001
Central African Republic,CAF,1.9499999999999993,171.73000000000002,79.23
Chile,CHL,1.8999999999999986,144.55000000000018,82.02000000000001
Mexico,MEX,1.8599999999999994,129.94000000000005,74.82000000000001
Cayman Islands,CYM,1.8399999999999999,91.21000000000001,77.82000000000001
Kyrgyzstan,KGZ,1.8000000000000007,144.68000000000006,75.50999999999999
Italy,ITA,1.790000000000001,121.36000000000007,80.75
Honduras,HND,1.7699999999999996,31.420000000000073,81.39
Indian Ocean Territories,IOA,1.7699999999999996,-70.63999999999987,78.31
New Caledonia,NCL,1.7600000000000016,162.1199999999999,83.22
Namibia,NAM,1.75,-1.1399999999999864,79.56
Niue,NIU,1.75,72.90000000000009,78
Vietnam,VNM,1.7299999999999969,114.21000000000004,79.41
Burkina Faso,BFA,1.7199999999999989,57.99000000000001,78.59
Republic of the Congo,COG,1.7199999999999989,5.569999999999936,82.54
Ukraine,UKR,1.7100000000000009,79.82999999999993,84.5
Hungary,HUN,1.679999999999998,-41.08999999999992,83.22
Ireland,IRL,1.6500000000000004,-27.180000000000064,83.36
Costa Rica,CRI,1.6400000000000006,179.82999999999993,80.24
Palestine,PSX,1.6400000000000006,165.3699999999999,80.39999999999999
Vatican,VAT,1.6399999999999988,220.13,77.92
Georgia,GEO,1.5600000000000023,29.3900000000001,85.1
Somaliland,SOL,1.5300000000000011,49.73000000000002,77.07
Uganda,UGA,1.5299999999999976,81.13000000000011,79.42999999999999
Greenland,GRL,1.5199999999999996,10.069999999999936,79.12
Brunei,BRN,1.4899999999999984,27.019999999999982,82.07
East Timor,TLS,1.4699999999999989,-16.15000000000009,82.57000000000001
United Arab Emirates,ARE,1.3999999999999995,68.23000000000002,83.27
Guernsey,GGY,1.3899999999999988,-207.51999999999998,79.63
Northern Mariana Islands,MNP,1.3800000000000008,136.98000000000002,80.16
Dominican Republic,DOM,1.38,77.94000000000005,82.88
Gambia,GMB,1.360000000000003,-59.39999999999998,83.08
Armenia,ARM,1.3599999999999994,162.1099999999999,73.22
Peru,PER,1.3400000000000016,128.1300000000001,74.69000000000001
eSwatini,SWZ,1.3300000000000018,-126.80999999999995,79.6
Turks and Caicos Islands,TCA,1.33,-24.189999999999827,82.09
Egypt,EGY,1.3299999999999983,-16.410000000000025,82.99
Oman,OMN,1.3299999999999983,-94.68000000000006,79.33
Azerbaijan,AZE,1.3000000000000007,212.41999999999996,85.48
Moldova,MDA,1.3000000000000007,-212.5,79.71000000000001
Romania,ROU,1.3000000000000007,36.289999999999964,80.61999999999999
Slovakia,SVK,1.290000000000001,-88.52999999999997,80.27000000000001
Ivory Coast,CIV,1.2899999999999991,-136.67000000000007,79.22
Palau,PLW,1.2699999999999996,-34.74000000000001,76.97
Germany,DEU,1.25,-7.180000000000007,84.2
Malta,MLT,1.25,234.68000000000006,77.3
Pakistan,PAK,1.2100000000000009,269.57000000000005,80.52000000000001
Tajikistan,TJK,1.2099999999999973,251.67000000000007,77.55000000000001
Andorra,AND,1.2000000000000002,-16.690000000000055,84.47000000000001
Antigua and Barbuda,ATG,1.1999999999999993,25.310000000000002,80.53
Falkland Islands,FLK,1.1999999999999993,147.05999999999995,73.9
Mali,MLI,1.1999999999999993,273.68000000000006,79.41
Philippines,PHL,1.1999999999999993,-49.69,78.71
Puerto Rico,PRI,1.1999999999999993,166.38999999999987,81.28999999999999
Senegal,SEN,1.1900000000000013,-2.4200000000000728,78.38000000000001
United States of America,USA,1.1900000000000013,289.09000000000015,81
Poland,POL,1.1899999999999995,-22.36999999999989,79.95
Bosnia and Herzegovina,BIH,1.1799999999999997,64.96999999999991,75.38
Federated States of Micronesia,FSM,1.1799999999999997,-68.20000000000005,80.6
Jamaica,JAM,1.17,-30.129999999999995,78.45
Saint Lucia,LCA,1.1500000000000004,60.440000000000055,79.96000000000001
Australia,AUS,1.1499999999999986,57.50999999999999,74.83
Myanmar,MMR,1.1400000000000006,158.35000000000002,79.82000000000001
Uruguay,URY,1.1300000000000026,31.670000000000073,76.28
Ashmore and Cartier Islands,ATC,1.120000000000001,209.47000000000003,81.77
Liechtenstein,LIE,1.1199999999999992,56.58999999999992,76.72
Ecuador,ECU,1.1199999999999974,-230.66000000000003,76.22999999999999
Iran,IRN,1.1099999999999994,-93.19000000000005,81.98
Djibouti,DJI,1.1000000000000014,136.2,77.87
Greece,GRC,1.0999999999999996,-19.339999999999918,79.73
Estonia,EST,1.0999999999999979,65.87,79.59
Cyprus,CYP,1.0899999999999999,199.96000000000004,75.92
United Republic of Tanzania,TZA,1.0899999999999999,-68.28999999999996,81.5
Bermuda,BMU,1.0799999999999983,51.08999999999992,77.47999999999999
Belize,BLZ,1.0700000000000003,-135.03999999999996,79.03
Macao S.A.R,MAC,1.0700000000000003,-411.68000000000006,77.69000000000001
Singapore,SGP,1.0700000000000003,371.88,82.33
South Africa,ZAF,1.0700000000000003,75.17999999999995,83.52
Iraq,IRQ,1.0600000000000023,35.299999999999955,80.08
Turkey,TUR,1.0599999999999987,42.559999999999945,84.32000000000001
Tunisia,TUN,1.0499999999999972,162.41000000000008,79.61
Czechia,CZE,1.040000000000001,-59.930000000000064,81.24000000000001
Ethiopia,ETH,1.0399999999999991,0.6599999999999682,75.27000000000001
Guatemala,GTM,1.0399999999999991,55.84999999999991,77.11
Nicaragua,NIC,1.0399999999999991,74.81999999999994,75.45
North Macedonia,MKD,1.0300000000000002,165.8800000000001,82.1
Saint Martin,MAF,1.0199999999999996,86.17000000000007,76.85
Fiji,FJI,1.0100000000000016,-20.539999999999964,75.38
Bulgaria,BGR,1.0099999999999998,1.509999999999991,78.93
Aland,ALD,1,249.76999999999998,83.55
Croatia,HRV,1,76.97000000000003,78.56
China,CHN,0.990000000000002,204.43,85.91
India,IND,0.990000000000002,-254.69000000000005,77.82000000000001
Burundi,BDI,0.9899999999999984,-8.710000000000036,81.21000000000001
Gabon,GAB,0.9800000000000004,-2.0300000000000864,77.86999999999999
Sierra Leone,SLE,0.9800000000000004,184.85000000000002,81.44
Wallis and Futuna,WLF,0.9800000000000004,42.97000000000003,73.53999999999999
Barbados,BRB,0.9799999999999969,-19.319999999999936,79.44
Faroe Islands,FRO,0.9699999999999989,82.57000000000016,81.41
Bhutan,BTN,0.9499999999999993,134.7800000000002,79.60000000000001
Liberia,LBR,0.9400000000000013,150.38999999999987,84.84
Portugal,PRT,0.9399999999999995,-27.789999999999964,81.08
Colombia,COL,0.9200000000000017,-8.02000000000021,80.94
Israel,ISR,0.9200000000000017,114.79999999999995,76.66999999999999
Nauru,NRU,0.9199999999999982,280.03999999999996,81.02
Benin,BEN,0.9100000000000001,90.84000000000015,82.72
South Sudan,SDS,0.9100000000000001,288.01,74.88
Thailand,THA,0.9100000000000001,-133.39,76.36999999999999
Lithuania,LTU,0.8999999999999986,268.82,82.91
Nepal,NPL,0.8999999999999986,-176.2700000000002,80.65
Saint Pierre and Miquelon,SPM,0.8900000000000006,147.38,85.94
Tonga,TON,0.8900000000000006,-99.23000000000002,83.78999999999999
Finland,FIN,0.8899999999999988,101.72000000000003,76.22
Cambodia,KHM,0.889999999999997,79.52999999999997,78.59
Kiribati,KIR,0.8699999999999974,41.86000000000013,76.98
Zimbabwe,ZWE,0.8599999999999994,4.190000000000055,80.86
Libya,LBY,0.8499999999999979,-30.329999999999927,84.14
Haiti,HTI,0.8300000000000001,197.56999999999994,81.46000000000001
Switzerland,CHE,0.8300000000000001,172.06000000000006,76.85000000000001
Morocco,MAR,0.8299999999999983,-2.119999999999891,82.84
Marshall Islands,MHL,0.8199999999999967,43.710000000000036,78.91
Japan,JPN,0.8100000000000023,169.96000000000004,81.31
Lebanon,LBN,0.8100000000000023,-125.79000000000008,79.14
France,FRA,0.8000000000000007,57.710000000000036,82.32000000000001
Jersey,JEY,0.7999999999999989,-21.00999999999999,77.99000000000001
Chad,TCD,0.7899999999999991,-17.6099999999999,78.78
Mauritania,MRT,0.7899999999999991,0.20000000000004547,78.21000000000001
French Polynesia,PYF,0.7699999999999996,67.47000000000003,81.51
Pitcairn Islands,PCN,0.7699999999999996,-178.70000000000005,77.81
Cook Islands,COK,0.75,100.70000000000005,78.42
Saint Vincent and the Grenadines,VCT,0.75,154.77999999999997,84.48
Latvia,LVA,0.7400000000000002,68.33999999999992,81.38
Algeria,DZA,0.7399999999999984,54.950000000000045,79.62
Kuwait,KWT,0.7399999999999984,-10.680000000000064,79.27
Somalia,SOM,0.7300000000000004,22.850000000000136,84.32
Kosovo,KOS,0.7199999999999989,115.50999999999999,82.72
Niger,NER,0.7199999999999989,126.83000000000015,81.08
Papua New Guinea,PNG,0.7199999999999989,110.2800000000002,81.67
Togo,TGO,0.7199999999999989,22.170000000000073,82.79
British Virgin Islands,VGB,0.7099999999999973,80.40999999999997,82.58
Siachen Glacier,KAS,0.7099999999999973,-54.98000000000002,80.86000000000001
Ghana,GHA,0.6900000000000048,-111.70000000000005,78.39
Tuvalu,TUV,0.6900000000000013,-192.47000000000003,82.84
Russia,RUS,0.6900000000000004,-23.640000000000327,76.29
Equatorial Guinea,GNQ,0.6799999999999997,141.10000000000014,77.95
Montserrat,MSR,0.6799999999999997,-6.849999999999909,81.83
Monaco,MCO,0.6699999999999999,-122.38000000000011,84.16000000000001
Vanuatu,VUT,0.6699999999999982,-115.62999999999988,78.67
Guinea-Bissau,GNB,0.6600000000000001,31.040000000000077,77.38000000000001
Turkmenistan,TKM,0.6500000000000021,142.64999999999998,76.44999999999999
Luxembourg,LUX,0.6500000000000004,110.11999999999989,79.36
Albania,ALB,0.6499999999999986,92.91000000000008,83.25
Malawi,MWI,0.6499999999999986,-240.8599999999999,80.53
Botswana,BWA,0.639999999999997,-141.51,78.87
Cameroon,CMR,0.629999999999999,135.72000000000003,82.99000000000001
Indonesia,IDN,0.620000000000001,109.75999999999999,81.87
Canada,CAN,0.6200000000000001,95.81000000000006,75.32
Angola,AGO,0.6099999999999994,-169.36000000000013,80.31
Bahrain,BHR,0.6099999999999994,-55.73000000000002,86.16
Curaçao,CUW,0.6099999999999994,56.8599999999999,87.47
Mongolia,MNG,0.6099999999999994,22.41999999999996,77.58
Mozambique,MOZ,0.6099999999999994,87.48000000000002,78.66
South Korea,KOR,0.5900000000000034,102.88999999999993,76.22
Panama,PAN,0.5900000000000016,46.74000000000001,80.97
Syria,SYR,0.5899999999999999,53.34999999999991,79.97
Bolivia,BOL,0.5800000000000018,-126.72000000000003,79.58
Spain,ESP,0.5599999999999996,-158.32000000000016,82.22
Grenada,GRD,0.5500000000000007,-210.55999999999995,78.03999999999999
United Kingdom,GBR,0.5499999999999998,-22.519999999999982,78.88
El Salvador,SLV,0.5300000000000011,199.33000000000004,77.58
Saint Barthelemy,BLM,0.5300000000000011,-66.76999999999998,81.28
Qatar,QAT,0.52000000000000135,122.04999999999995,78.17999999999999
Belgium,BEL,0.5099999999999998,-114.13000000000011,78.92
Dominica,DMA,0.5099999999999998,-151.42000000000007,82.22
Comoros,COM,0.509999999999998,-214.78999999999996,84.08
Guyana,GUY,0.5,-378.3700000000001,79.77000000000001
São Tomé and Principe,STP,0.5,-92.31,79.2
Guinea,GIN,0.4800000000000004,-1.3700000000000045,78.99
Northern Cyprus,CYN,0.46999999999999886,46.6099999999999,76.19
Madagascar,MDG,0.46000000000000085,210.61000000000013,78.59
Saint Kitts and Nevis,KNA,0.4599999999999991,73.95000000000005,85.42
Cabo Verde,CPV,0.4599999999999973,141.8499999999999,79.11
Malaysia,MYS,0.4499999999999993,138.07000000000005,80.92
North Korea,PRK,0.4499999999999993,97.20000000000005,78.41999999999999
New Zealand,NZL,0.4200000000000017,-4.970000000000027,79.98
Isle of Man,IMN,0.41999999999999993,-87.62000000000012,77.28
Brazil,BRA,0.41000000000000014,-5.579999999999984,76.92999999999999
Jordan,JOR,0.40000000000000036,-37.20999999999992,76.26
Zambia,ZMB,0.39000000000000057,-154.82999999999993,79
Austria,AUT,0.3800000000000008,123.48000000000002,78.5
Argentina,ARG,0.370000000000001,41.770000000000095,77.05
Hong Kong S.A.R.,HKG,0.35999999999999943,-35.91999999999996,85.93
Sudan,SDN,0.35999999999999943,-99.01999999999987,83.86
Suriname,SUR,0.35999999999999943,27.269999999999982,83.15
American Samoa,ASM,0.3500000000000014,-13.149999999999977,80.11
Norway,NOR,0.33999999999999986,32.190000000000055,78.77000000000001
Venezuela,VEN,0.3200000000000003,81.42999999999995,78.75
San Marino,SMR,0.3199999999999994,111.18000000000006,85.54
Kazakhstan,KAZ,0.3099999999999987,322.53999999999996,80.1
Saudi Arabia,SAU,0.3099999999999987,213.68999999999994,79.3
Montenegro,MNE,0.3000000000000007,49.47000000000003,82.75999999999999
Democratic Republic of the Congo,COD,0.2900000000000027,51.05000000000018,85.46
Iceland,ISL,0.28000000000000025,-183.7299999999998,80.4
Sint Maarten,SXM,0.27000000000000135,36.819999999999936,79
Samoa,WSM,0.2699999999999996,185.43999999999983,74.21
Cuba,CUB,0.23000000000000043,49.559999999999945,80.35
Sweden,SWE,0.21000000000000085,99.65000000000009,78.85000000000001
Republic of Serbia,SRB,0.20000000000000107,294.20000000000005,81.64
Kenya,KEN,0.1999999999999993,-77.56000000000017,80.88
Laos,LAO,0.1999999999999993,177.68999999999997,87.06
Guam,GUM,0.19000000000000128,132.49,81.44
Paraguay,PRY,0.18000000000000327,247.13999999999987,85.75
Denmark,DNK,0.16000000000000014,-3.25,81.58
Slovenia,SVN,0.14999999999999947,115.53999999999996,80.43
Trinidad and Tobago,TTO,0.14999999999999858,203.42000000000007,80.07000000000001
Taiwan,TWN,0.13000000000000034,-140.35000000000002,84.8
Belarus,BLR,0.120000000000001,142.1400000000001,81.23
Nigeria,NGA,0.120000000000001,6,86.24
Solomon Islands,SLB,0.10999999999999943,-97.27999999999997,86.32
Netherlands,NLD,0.0600000000000005,-97.33000000000004,79.54
Aruba,ABW,0.030000000000001137,122.23000000000002,76.72999999999999
Lesotho,LSO,0.00999999999999801,-132.8800000000001,83.60000000000001
The Bahamas,BHS,-0.019999999999999574,196.30999999999995,72.87
Bangladesh,BGD,-0.03999999999999915,45.07999999999993,79.66
Western Sahara,SAH,-0.0400000000000027,-185.98999999999995,75.93
Sri Lanka,LKA,-0.08000000000000185,155.64,78.95
Uzbekistan,UZB,-0.09999999999999787,264.0799999999999,81.53999999999999
Afghanistan,AFG,-0.2799999999999976,-31.399999999999864,82.23
Yemen,YEM,-0.41000000000000014,-102.74000000000001,84.67999999999999
United States Virgin Islands,VIR,-0.47000000000000064,-8,77.65
