year,avg_temperature_c,avg_precipitation_mm,avg_co2_emissions_mt,avg_sea_level_rise_mm
2000,18.466995708154506,1114.407339055794,58.10974248927039,3.8534763948497854
2001,18.518583690987125,1116.0264377682404,58.500901287553646,6.914377682403433
2002,18.520257510729614,1107.424763948498,59.24420600858369,10.334248927038626
2003,18.54776824034335,1117.4466952789699,59.82489270386266,13.584721030042918
2004,18.5674678111588,1106.4864806866954,60.40304721030043,16.80845493562232
2005,18.62296137339056,1117.0050643776824,61.25896995708155,19.801888412017167
2006,18.72772532188841,1124.2652360515021,61.98793991416309,23.188798283261804
2007,18.714248927038625,1112.516652360515,62.366223175965665,26.10519313304721
2008,18.765579399141632,1131.1621030042918,63.520515021459225,29.44068669527897
2009,18.76115879828326,1130.4442489270386,63.68536480686695,32.7262660944206
2010,18.79489270386266,1125.9858798283262,64.3807296137339,35.51030042918455
2011,18.860214592274676,1120.888712446352,65.58982832618025,39.2250643776824
2012,18.923690987124463,1136.8136480686696,66.06802575107297,42.323175965665236
2013,18.928412017167382,1127.8657939914162,66.56278969957081,45.670643776824036
2014,18.924377682403435,1127.3943776824035,67.37317596566524,48.88038626609442
2015,19.03497854077253,1137.4694420600858,67.81356223175966,51.656695278969956
2016,19.01678111587983,1138.715321888412,69.03931330472103,54.81648068669528
2017,19.076909871244634,1138.5523605150215,69.43763948497855,58.30682403433477
2018,19.11772532188841,1135.1332618025751,70.29888412017168,61.338712446351934
2019,19.196094420600858,1135.7763519313305,71.13665236051501,64.70437768240343
2020,19.13107296137339,1153.7663090128756,71.72532188841201,67.70450643776825
2021,19.273733905579398,1145.1690557939914,71.92309012875536,71.30665236051502
2022,19.273690987124464,1145.9915450643778,73.03231759656653,74.29562231759657
2023,19.260944206008585,1135.722060085837,73.6144635193133,77.457339055794
2024,19.318583690987126,1156.578025751073,74.6267381974249,80.62587982832618
2025,19.341587982832618,1154.3310300429184,75.03068669527897,83.95115879828326
