country,iso3_code,continent,region,avg_temperature_c,avg_precipitation_mm,avg_co2_emissions_mt,avg_sea_level_rise_mm
Afghanistan,AFG,Asia,Asia,21.009615384615383,1101.8453846153845,11.199615384615385,44.55615384615385
Aland,ALD,Europe,Europe,7.098461538461539,1432.2603846153845,325.89576923076925,44.99884615384615
Albania,ALB,Europe,Europe,19.90346153846154,1797.3107692307692,17.84346153846154,45.91230769230769
Algeria,DZA,Africa,Africa,24.130769230769232,243.93576923076924,3.255,40.55307692307692
American Samoa,ASM,Oceania,Oceania,24.061923076923076,662.3619230769231,4.2480769230769235,44.71423076923077
Andorra,AND,Europe,Europe,0.38884615384615384,1569.8446153846153,24.133076923076924,44.972692307692306
Angola,AGO,Africa,Africa,21.461153846153845,1565.9538461538461,377.6419230769231,42.94615384615385
Anguilla,AIA,North America,Americas,18.45230769230769,871.4392307692308,56.89653846153846,44.917307692307695
Antigua and Barbuda,ATG,North America,Americas,20.885,379.29692307692306,2.8784615384615386,44.915
Argentina,ARG,South America,Americas,14.578076923076923,679.0623076923077,21.491923076923076,45.83423076923077
Armenia,ARM,Asia,Asia,23.505,1761.3700000000001,7.2519230769230765,44.11730769230769
Aruba,ABW,North America,Americas,19.165769230769232,181.74153846153845,3.8603846153846155,44.12461538461538
Ashmore and Cartier Islands,ATC,Oceania,Oceania,25.91846153846154,972.4580769230769,27.238076923076925,46.067692307692305
Australia,AUS,Oceania,Oceania,25.697692307692307,1371.5688461538462,893.9661538461538,41.833461538461535
Austria,AUT,Europe,Europe,13.02076923076923,1036.3196153846154,192.64153846153846,43.393076923076926
Azerbaijan,AZE,Asia,Asia,26.978846153846153,1086.688076923077,2.9876923076923076,44.324230769230766
Bahrain,BHR,Asia,Asia,14.69076923076923,1875.0388461538462,41.36076923076923,44.86
Bangladesh,BGD,Asia,Asia,16.286923076923078,942.6238461538462,56.96076923076923,43.200384615384614
Barbados,BRB,North America,Americas,33.00730769230769,1196.1615384615384,90.00115384615384,42.58730769230769
Belarus,BLR,Europe,Europe,17.088076923076922,918.368076923077,44.54615384615385,42.988076923076925
Belgium,BEL,Europe,Europe,14.662692307692307,1355.6938461538462,223.51115384615383,45.36538461538461
Belize,BLZ,North America,Americas,24.59923076923077,961.3080769230769,4.153076923076923,40.13346153846154
Benin,BEN,Africa,Africa,18.907307692307693,1264.3657692307693,76.55615384615385,41.50115384615385
Bermuda,BMU,North America,Americas,25.058846153846154,1075.8784615384616,13.32423076923077,42.377307692307696
Bhutan,BTN,Asia,Asia,28.853076923076923,2162.116923076923,10.550384615384615,48.33423076923077
Bolivia,BOL,South America,Americas,22.535,1850.2415384615385,115.75576923076923,46.636153846153846
Bosnia and Herzegovina,BIH,Europe,Europe,7.0515384615384615,864.575,547.8996153846153,44.92230769230769
Botswana,BWA,Africa,Africa,24.71,872.753076923077,42.09538461538462,44.33307692307692
Brazil,BRA,South America,Americas,11.75,468.4796153846154,72.4723076923077,43.92230769230769
British Virgin Islands,VGB,North America,Americas,17.758846153846154,624.5869230769231,11.584615384615384,43.456153846153846
Brunei,BRN,Asia,Asia,17.555384615384614,220.07115384615383,32.96769230769231,41.173846153846156
Bulgaria,BGR,Europe,Europe,4.885,1418.2876923076924,4.0211538461538465,42.88153846153846
Burkina Faso,BFA,Africa,Africa,23.32923076923077,675.2188461538461,30.482692307692307,43.79769230769231
Burundi,BDI,Africa,Africa,25.731538461538463,1044.9534615384616,214.13192307692307,45.70269230769231
Cabo Verde,CPV,Africa,Africa,25.209615384615386,1923.8973076923078,190.96730769230768,44.48576923076923
Cambodia,KHM,Asia,Asia,24.606153846153845,1424.803076923077,18.478461538461538,46.86
Cameroon,CMR,Africa,Africa,26.807692307692307,538.8069230769231,28.92,44.84076923076923
Canada,CAN,North America,Americas,6.835,756.1046153846154,2.885,43.75846153846154
Cayman Islands,CYM,North America,Americas,25.745384615384616,261.11846153846153,2.476153846153846,44.34576923076923
Central African Republic,CAF,Africa,Africa,21.200384615384614,604.3873076923077,56.32807692307692,40.190384615384616
Chad,TCD,Africa,Africa,19.946153846153845,1764.0942307692308,7.322692307692308,43.65576923076923
Chile,CHL,South America,Americas,22.73846153846154,1313.0030769230768,26.661538461538463,41.603846153846156
China,CHN,Asia,Asia,24.738846153846154,508.3157692307692,59.386153846153846,45.387692307692305
Colombia,COL,South America,Americas,22.75653846153846,1373.5753846153846,203.12423076923076,46.606923076923074
Comoros,COM,Africa,Africa,21.27846153846154,1463.2503846153845,160.56384615384616,46.32192307692308
Cook Islands,COK,Oceania,Oceania,27.527307692307694,646.391923076923,97.69461538461539,40.22846153846154
Costa Rica,CRI,North America,Americas,10.97076923076923,1039.31,14.473461538461539,41.63961538461538
Croatia,HRV,Europe,Europe,9.253076923076923,1171.825,120.40615384615384,40.98153846153846
Cuba,CUB,North America,Americas,12.428461538461539,1247.206923076923,5.522307692307693,43.51692307692308
Curaçao,CUW,North America,Americas,8.8,1472.6461538461538,6.143461538461539,46.74884615384615
Cyprus,CYP,Asia,Asia,18.94,1360.5592307692307,2.24,40.92653846153846
Czechia,CZE,Europe,Europe,13.078076923076923,1149.9846153846154,23.99653846153846,41.84846153846154
Democratic Republic of the Congo,COD,Africa,Africa,20.692692307692308,2323.685,57.97,43.02346153846154
Denmark,DNK,Europe,Europe,6.503076923076923,1124.1792307692308,122.14076923076924,42.05653846153846
Djibouti,DJI,Africa,Africa,21.91923076923077,322.6292307692308,108.79961538461538,41.074230769230766
Dominica,DMA,North America,Americas,15.320384615384615,721.2580769230769,29.991923076923076,41.316923076923075
Dominican Republic,DOM,North America,Americas,5.569230769230769,947.1815384615385,14.656153846153845,41.92038461538461
East Timor,TLS,Asia,Asia,26.77307692307692,1495.0230769230768,22.768846153846155,41.862307692307695
Ecuador,ECU,South America,Americas,17.746153846153845,459.8346153846154,52.59538461538462,46.513461538461534
Egypt,EGY,Africa,Africa,20.45346153846154,512.6134615384615,122.67038461538462,41.668076923076924
El Salvador,SLV,North America,Americas,20.64423076923077,985.92,9.265,46.03846153846154
Equatorial Guinea,GNQ,Africa,Africa,25.108076923076922,1419.513846153846,4.444230769230769,42.72653846153846
Eritrea,ERI,Africa,Africa,23.701153846153847,1473.3861538461538,1.0642307692307693,43.113076923076925
Estonia,EST,Europe,Europe,17.973076923076924,990.0192307692307,3.504230769230769,41.59615384615385
Ethiopia,ETH,Africa,Africa,17.536923076923078,687.3573076923077,6.770769230769231,44.405
Falkland Islands,FLK,South America,Americas,23.65653846153846,2098.9784615384615,10.9,47.605
Faroe Islands,FRO,Europe,Europe,15.988846153846154,1331.7407692307693,33.37423076923077,45.00576923076923
Federated States of Micronesia,FSM,Oceania,Oceania,25.861923076923077,1195.261923076923,6.855769230769231,40.34653846153846
Fiji,FJI,Oceania,Oceania,25.075769230769232,1360.0526923076923,16.100384615384616,47.89423076923077
Finland,FIN,Europe,Europe,15.99,766.1492307692308,6.068461538461539,44.53961538461538
France,FRA,Europe,Europe,11.926923076923076,1184.6826923076924,4.412692307692308,41.300769230769234
French Polynesia,PYF,Oceania,Oceania,24.50923076923077,1299.833076923077,13.917307692307693,40.862307692307695
Gabon,GAB,Africa,Africa,29.79153846153846,767.5669230769231,2.754230769230769,43.54115384615385
Gambia,GMB,Africa,Africa,21.057692307692307,1015.6907692307692,7.555,42.70538461538462
Georgia,GEO,Asia,Asia,30.032692307692308,1362.6526923076924,880.5184615384616,45.07230769230769
Germany,DEU,Europe,Europe,13.648076923076923,414.5280769230769,30.379615384615384,46.770384615384614
Ghana,GHA,Africa,Africa,33.042307692307695,1629.19,8.633461538461539,41.175384615384615
Greece,GRC,Europe,Europe,12.59576923076923,1034.8653846153845,21.27423076923077,43.15923076923077
Greenland,GRL,North America,Americas,24.786923076923078,849.135,64.82269230769231,43.42653846153846
Grenada,GRD,North America,Americas,10.53,741.2657692307693,35.415,40.363461538461536
Guam,GUM,Oceania,Oceania,27.784615384615385,1838.7257692307692,17.896153846153847,40.87692307692308
Guatemala,GTM,North America,Americas,18.537307692307692,960.8311538461538,2.536153846153846,42.07807692307692
Guernsey,GGY,Europe,Europe,11.855384615384615,1146.5915384615384,14.406153846153845,43.081923076923076
Guinea,GIN,Africa,Africa,18.162307692307692,866.0730769230769,128.4773076923077,44.238076923076925
Guinea-Bissau,GNB,Africa,Africa,24.220769230769232,716.0419230769231,27.04230769230769,46.32576923076923
Guyana,GUY,South America,Americas,21.329615384615384,1363.1834615384616,40.753461538461536,47.83423076923077
Haiti,HTI,North America,Americas,8.871538461538462,1083.3103846153847,25.36230769230769,43.575
Honduras,HND,North America,Americas,23.540384615384617,1211.915,56.05230769230769,45.30269230769231
Hong Kong S.A.R.,HKG,Asia,Asia,19.783461538461538,823.33,373.7592307692308,44.588076923076926
Hungary,HUN,Europe,Europe,16.30846153846154,1588.1796153846153,49.42423076923077,43.02230769230769
Iceland,ISL,Europe,Europe,7.027692307692307,1364.4626923076924,2.5053846153846155,43.19692307692308
India,IND,Asia,Asia,23.820384615384615,1300.9688461538462,37.98384615384615,47.41153846153846
Indian Ocean Territories,IOA,Asia,Africa,23.308846153846154,1311.6665384615385,12.389615384615384,41.46038461538461
Indonesia,IDN,Asia,Asia,25.987692307692306,1661.916923076923,26.46153846153846,44.87692307692308
Iran,IRN,Asia,Asia,17.01423076923077,1459.43,8.712692307692308,40.755384615384614
Iraq,IRQ,Asia,Asia,20.92269230769231,882.7538461538461,151.3573076923077,46.880384615384614
Ireland,IRL,Europe,Europe,6.3803846153846155,1281.0734615384615,22.931923076923077,45.572307692307696
Isle of Man,IMN,Europe,Europe,8.705769230769231,1141.22,50.69692307692308,46.40653846153846
Israel,ISR,Asia,Asia,18.539615384615384,1940.9992307692307,11.630384615384616,41.19846153846154
Italy,ITA,Europe,Europe,13.118846153846153,548.6446153846153,918.5003846153846,45.61923076923077
Ivory Coast,CIV,Africa,Africa,29.20346153846154,1234.4846153846154,18.14076923076923,39.94076923076923
Jamaica,JAM,North America,Americas,5.158461538461538,759.2396153846154,45.120769230769234,41.418076923076924
Japan,JPN,Asia,Asia,21.04423076923077,341.25192307692305,14.975,42.95230769230769
Jersey,JEY,Europe,Europe,11.096538461538461,912.0761538461538,10.120384615384616,43.11576923076923
Jordan,JOR,Asia,Asia,10.553461538461539,675.4273076923077,24.77653846153846,41.40730769230769
Kazakhstan,KAZ,Asia,Asia,22.641923076923078,1146.5453846153846,150.1823076923077,46.07269230769231
Kenya,KEN,Africa,Africa,18.21923076923077,1285.9907692307693,239.20115384615386,43.99576923076923
Kiribati,KIR,Oceania,Oceania,21.682307692307692,1142.4111538461539,17.178846153846155,41.340384615384615
Kosovo,KOS,Europe,Europe,17.098846153846154,1141.633076923077,23.77076923076923,43.26846153846154
Kuwait,KWT,Asia,Asia,26.928076923076922,1454.3846153846152,130.89538461538461,40.880384615384614
Kyrgyzstan,KGZ,Asia,Asia,13.683846153846154,890.9861538461538,229.13923076923078,44.75192307692308
Laos,LAO,Asia,Asia,14.27076923076923,191.99615384615385,12.452307692307691,45.00038461538462
Latvia,LVA,Europe,Europe,13.213846153846154,1645.0473076923076,18.90576923076923,46.676923076923075
Lebanon,LBN,Asia,Asia,22.59307692307692,1099.9,134.79461538461538,44.82230769230769
Lesotho,LSO,Africa,Africa,21.678076923076922,1459.8176923076924,40.176923076923075,41.05576923076923
Liberia,LBR,Africa,Africa,23.545384615384616,1344.601153846154,5.899230769230769,41.918461538461536
Libya,LBY,Africa,Africa,23.207307692307694,1055.9742307692306,74.14923076923077,46.298846153846156
Liechtenstein,LIE,Europe,Europe,13.080769230769231,1445.5396153846154,1.466923076923077,44.14807692307692
Lithuania,LTU,Europe,Europe,21.755384615384614,548.3619230769231,91.2176923076923,43.195
Luxembourg,LUX,Europe,Europe,11.646538461538462,1345.6696153846153,46.97461538461538,46.625
Macao S.A.R,MAC,Asia,Asia,13.374230769230769,1690.7615384615385,50.70461538461539,42.16461538461539
Madagascar,MDG,Africa,Africa,32.98615384615385,1814.4834615384616,57.917692307692306,44.91384615384615
Malawi,MWI,Africa,Africa,25.443076923076923,912.1857692307692,13.732692307692307,41.933846153846154
Malaysia,MYS,Asia,Asia,19.935769230769232,956.9319230769231,20.85,42.346538461538465
Mali,MLI,Africa,Africa,17.478846153846153,1587.4634615384616,6.063076923076923,42.96
Malta,MLT,Europe,Europe,10.908846153846154,867.1480769230769,2.9092307692307693,44.331153846153846
Marshall Islands,MHL,Oceania,Oceania,19.158846153846152,1368.8203846153847,57.918461538461536,43.04
Mauritania,MRT,Africa,Africa,23.94923076923077,1024.8834615384615,4.210384615384616,43.92
Mexico,MEX,North America,Americas,13.511923076923077,812.7276923076923,173.5126923076923,40.760384615384616
Moldova,MDA,Europe,Europe,9.834615384615384,1153.0688461538462,139.90192307692308,44.27538461538462
Monaco,MCO,Europe,Europe,4.235769230769231,1048.6146153846155,15.662307692307692,42.020384615384614
Mongolia,MNG,Asia,Asia,25.796153846153846,910.7103846153846,29.65076923076923,43.97076923076923
Montenegro,MNE,Europe,Europe,5.109230769230769,843.7096153846154,217.73423076923078,45.49807692307692
Montserrat,MSR,North America,Americas,14.937307692307693,1431.8907692307691,27.626153846153848,45.473076923076924
Morocco,MAR,Africa,Africa,26.258846153846154,1925.3992307692308,59.21576923076923,42.89038461538462
Mozambique,MOZ,Africa,Africa,23.95769230769231,955.2273076923077,68.19653846153847,46.64153846153846
Myanmar,MMR,Asia,Asia,21.63769230769231,569.7061538461538,181.84230769230768,42.32846153846154
Namibia,NAM,Africa,Africa,26.392307692307693,738.6061538461538,14.939615384615385,41.956923076923076
Nauru,NRU,Oceania,Oceania,23.111538461538462,1208.2826923076923,27.451923076923077,44.995
Nepal,NPL,Asia,Asia,20.73923076923077,1111.008076923077,12.16,42.24384615384616
Netherlands,NLD,Europe,Europe,7.991538461538461,637.5311538461539,2.710384615384615,41.708461538461535
New Caledonia,NCL,Oceania,Oceania,17.228846153846153,1234.1703846153846,1.5165384615384616,46.21884615384615
New Zealand,NZL,Oceania,Oceania,21.35269230769231,1103.0634615384615,6.688461538461539,42.10307692307693
Nicaragua,NIC,North America,Americas,23.641923076923078,1236.8407692307692,25.401923076923076,46.12769230769231
Niger,NER,Africa,Africa,28.97769230769231,1068.0511538461537,7.818461538461539,44.45423076923077
Nigeria,NGA,Africa,Africa,20.78423076923077,434.6173076923077,21.331153846153846,44.00961538461539
Niue,NIU,Oceania,Oceania,19.278076923076924,1744.811923076923,30.102307692307694,41.82269230769231
Norfolk Island,NFK,Oceania,Oceania,28.196153846153848,1726.8861538461538,109.89653846153846,43.11
North Korea,PRK,Asia,Asia,20.20923076923077,1141.0961538461538,2.06,43.980384615384615
North Macedonia,MKD,Europe,Europe,4.425,1829.3796153846154,597.9426923076924,45.52192307692307
Northern Cyprus,CYN,Asia,Asia,21.84653846153846,1525.6734615384617,26.751153846153848,40.92807692307692
Northern Mariana Islands,MNP,Oceania,Oceania,14.366923076923078,666.5957692307693,98.71884615384616,41.19769230769231
Norway,NOR,Europe,Europe,11.823846153846153,1512.448076923077,2.627307692307692,41.82884615384616
Oman,OMN,Asia,Asia,22.758846153846154,623.1069230769231,237.2426923076923,44.25807692307692
Pakistan,PAK,Asia,Asia,18.45846153846154,965.8665384615384,26.199615384615385,46.41346153846154
Palau,PLW,Oceania,Oceania,17.818461538461538,1337.8776923076923,10.478076923076923,41.731153846153845
Palestine,PSX,Asia,Asia,20.303846153846152,1736.6953846153847,8.737692307692308,42.37423076923077
Panama,PAN,North America,Americas,14.428076923076922,768.2665384615385,20.001153846153848,46.097307692307695
Papua New Guinea,PNG,Oceania,Oceania,13.211923076923076,1214.3538461538462,7.1196153846153845,46.364230769230765
Paraguay,PRY,South America,Americas,22.691923076923075,1652.7226923076923,8.174615384615384,46.192692307692305
Peru,PER,South America,Americas,15.516538461538461,1128.2934615384615,1.8542307692307693,41.43076923076923
Philippines,PHL,Asia,Asia,16.641153846153845,300.91615384615386,16.50076923076923,42.582692307692305
Pitcairn Islands,PCN,Oceania,Oceania,26.58346153846154,1497.06,5.554230769230769,40.94692307692308
Poland,POL,Europe,Europe,8.561923076923078,1387.5396153846154,3.7415384615384615,45.12538461538462
Portugal,PRT,Europe,Europe,4.221923076923077,1539.8538461538462,7.468846153846154,43.34653846153846
Puerto Rico,PRI,North America,Americas,20.191923076923075,1093.0342307692308,75.74961538461538,42.590384615384615
Qatar,QAT,Asia,Asia,10.765,1677.7665384615384,9.614615384615385,46.71730769230769
Republic of Serbia,SRB,Europe,Europe,11.118076923076924,1209.753846153846,263.2457692307692,43.01
Republic of the Congo,COG,Africa,Africa,21.604615384615386,1112.001923076923,596.2976923076923,41.805
Romania,ROU,Europe,Europe,10.081538461538461,1040.7611538461538,2.8796153846153847,45.77923076923077
Russia,RUS,Europe,Europe,5.94,2125.6807692307693,8.848846153846154,42.481153846153845
Rwanda,RWA,Africa,Africa,21.618076923076924,1517.4996153846155,19.529615384615386,47.83692307692308
Saint Barthelemy,BLM,North America,Americas,14.930769230769231,169.44076923076923,9.081923076923077,46.581923076923076
Saint Kitts and Nevis,KNA,North America,Americas,9.048076923076923,890.1680769230769,175.95346153846154,46.195
Saint Lucia,LCA,North America,Americas,14.131538461538462,1464.576923076923,28.981538461538463,44.99230769230769
Saint Martin,MAF,North America,Americas,19.309615384615384,816.3126923076923,5.893461538461539,41.776923076923076
Saint Pierre and Miquelon,SPM,North America,Americas,11.734615384615385,753.0153846153846,10.662692307692307,43.738846153846154
Saint Vincent and the Grenadines,VCT,North America,Americas,16.61730769230769,752.2446153846154,4.920769230769231,43.862307692307695
Samoa,WSM,Oceania,Oceania,26.044615384615383,1266.793076923077,12.463846153846154,43.307307692307695
San Marino,SMR,Europe,Europe,6.658846153846154,889.8653846153846,117.60423076923077,42.29615384615385
Saudi Arabia,SAU,Asia,Asia,24.575384615384614,1112.701923076923,5.661538461538462,46.835
Senegal,SEN,Africa,Africa,29.702692307692306,1072.5661538461538,58.231153846153845,45.621153846153845
Siachen Glacier,KAS,Asia,Asia,17.935384615384617,1039.5084615384615,16.05076923076923,47.199615384615385
Sierra Leone,SLE,Africa,Africa,28.48,866.1673076923076,2.6988461538461537,44.58461538461538
Singapore,SGP,Asia,Asia,25.908846153846152,748.4665384615384,7.570769230769231,44.44307692307692
Sint Maarten,SXM,North America,Americas,15.716538461538462,1821.255,1.865,45.65153846153846
Slovakia,SVK,Europe,Europe,10.934615384615384,1537.0557692307693,391.19615384615383,45.55576923076923
Slovenia,SVN,Europe,Europe,6.686538461538461,1170.575,33.45346153846154,40.151538461538465
Solomon Islands,SLB,Oceania,Oceania,28.25730769230769,1198.8207692307692,28.362692307692306,44.64730769230769
Somalia,SOM,Africa,Africa,21.661153846153848,1217.1746153846154,23.444615384615386,44.894615384615385
Somaliland,SOL,Africa,Africa,26.790769230769232,1975.9334615384614,33.098846153846154,45.14884615384615
South Africa,ZAF,Africa,Africa,22.628076923076925,968.4434615384615,15.031923076923077,44.77576923076923
South Korea,KOR,Asia,Asia,26.07807692307692,595.5261538461539,12.609615384615385,45.76692307692308
South Sudan,SDS,Africa,Africa,25.75,1155.688076923077,5.620384615384616,44.84153846153846
Spain,ESP,Europe,Europe,6.621538461538462,1365.253846153846,17.899615384615384,44.35884615384615
Sri Lanka,LKA,Asia,Asia,22.451923076923077,1138.975,19.84769230769231,47.21076923076923
Sudan,SDN,Africa,Africa,22.692692307692308,931.016923076923,5.043846153846154,45.28423076923077
Suriname,SUR,South America,Americas,27.991153846153846,1509.258076923077,27.75423076923077,43.82038461538462
Sweden,SWE,Europe,Europe,7.900769230769231,1789.101153846154,4.542692307692308,45.74307692307692
Switzerland,CHE,Europe,Europe,11.948461538461538,1186.2484615384615,32.55653846153846,46.41307692307692
Syria,SYR,Asia,Asia,18.71423076923077,1974.3265384615383,20.491153846153846,46.67923076923077
São Tomé and Principe,STP,Africa,Africa,26.182692307692307,476.77884615384613,89.90692307692308,43.972692307692306
Taiwan,TWN,Asia,Asia,3.4403846153846156,777.8042307692308,22.876923076923077,46.88230769230769
Tajikistan,TJK,Asia,Asia,18.936153846153847,1643.7003846153846,52.33423076923077,41.87769230769231
Thailand,THA,Asia,Asia,6.321538461538461,866.3338461538461,200.41192307692307,40.475
The Bahamas,BHS,North America,Americas,22.893076923076922,1644.4653846153847,36.61423076923077,41.96153846153846
Togo,TGO,Africa,Africa,22.554615384615385,789.2596153846154,83.08961538461539,42.30230769230769
Tonga,TON,Oceania,Oceania,25.512307692307694,1679.9392307692308,13.925384615384615,47.255384615384614
Trinidad and Tobago,TTO,North America,Americas,22.290769230769232,905.4023076923077,9.48576923076923,48.30576923076923
Tunisia,TUN,Africa,Africa,31.153846153846153,1113.726923076923,14.691538461538462,47.24423076923077
Turkey,TUR,Asia,Asia,9.427692307692308,1272.9284615384615,5.246923076923077,46.92153846153846
Turkmenistan,TKM,Asia,Asia,21.322307692307692,598.2203846153847,31.126923076923077,41.58384615384615
Turks and Caicos Islands,TCA,North America,Americas,13.259615384615385,1109.0684615384614,34.14961538461539,40.47461538461538
Tuvalu,TUV,Oceania,Oceania,25.664615384615384,1121.4134615384614,4.942692307692307,41.54846153846154
Uganda,UGA,Africa,Africa,23.127692307692307,1697.2957692307693,21.238846153846154,44.60307692307693
Ukraine,UKR,Europe,Europe,7.781923076923077,649.3826923076923,41.941538461538464,43.165
United Arab Emirates,ARE,Asia,Asia,7.543846153846154,1680.0230769230768,9.989230769230769,43.46076923076923
United Kingdom,GBR,Europe,Europe,7.62576923076923,1057.0826923076922,4.072692307692308,47.75615384615384
United Republic of Tanzania,TZA,Africa,Africa,28.641538461538463,974.8757692307693,26.836538461538463,47.68153846153846
United States Virgin Islands,VIR,North America,Americas,15.242692307692307,1546.3223076923077,3.258076923076923,45.55576923076923
United States of America,USA,North America,Americas,23.159615384615385,1235.2869230769231,147.33346153846153,42.04846153846154
Uruguay,URY,South America,Americas,24.020384615384614,1504.2796153846155,18.522692307692306,41.155
Uzbekistan,UZB,Asia,Asia,23.448076923076922,1816.1342307692307,4.58576923076923,42.473461538461535
Vanuatu,VUT,Oceania,Oceania,30.581923076923076,1082.2411538461538,11.66576923076923,43.20538461538462
Vatican,VAT,Europe,Europe,11.94923076923077,342.7123076923077,69.15615384615384,47.838076923076926
Venezuela,VEN,South America,Americas,20.544999999999998,854.9638461538461,14.708076923076923,42.11
Vietnam,VNM,Asia,Asia,40.41269230769231,1037.4584615384615,19.998076923076923,42.72846153846154
Wallis and Futuna,WLF,Oceania,Oceania,23.14846153846154,1154.8203846153847,56.67653846153846,46.71730769230769
Western Sahara,SAH,Africa,Africa,26.48,441.9496153846154,93.16,41.78730769230769
Yemen,YEM,Asia,Asia,24.75653846153846,797.3219230769231,12.68,47.02576923076923
Zambia,ZMB,Africa,Africa,23.537692307692307,924.1876923076923,49.65846153846154,40.637307692307694
Zimbabwe,ZWE,Africa,Africa,26.056923076923077,1018.3253846153846,20.941153846153846,42.51423076923077
eSwatini,SWZ,Africa,Africa,26.416153846153847,847.1888461538462,32.32923076923077,41.94576923076923
